{
  "checkpoint": "adam_poc_sft_checkpoints/final",
  "L1": 0.06666666666666668,
  "L2": 0.13333333333333333,
  "L3": 0.4666666666666666,
  "L4": 0.26666666666666666
}