{
  "checkpoint": "adam_poc_sft_checkpoints/final",
  "L1": 0.1,
  "L2": 0.06666666666666667,
  "L3": 0.6333333333333333,
  "L4": 0.4833333333333333
}